{
	"credit": "Made with Blockbench",
	"textures": {
		"0": "block/lantern",
		"particle": "block/lantern"
	},
	"elements": [
		{
			"from": [7, 14.7825, 7.5],
			"to": [7.5, 16.0575, 8.5],
			"rotation": {"angle": 0, "axis": "z", "origin": [8, 15.22875, 8]},
			"faces": {
				"north": {"uv": [11, 1, 11.5, 2.275], "rotation": 180, "texture": "#0"},
				"east": {"uv": [11, 1, 12, 2.275], "rotation": 180, "texture": "#0"},
				"south": {"uv": [11, 1, 11.5, 2.275], "rotation": 180, "texture": "#0"},
				"west": {"uv": [11, 1, 12, 2.275], "rotation": 180, "texture": "#0"},
				"up": {"uv": [11, 1, 11.5, 2], "rotation": 180, "texture": "#0"},
				"down": {"uv": [11, 1, 11.5, 2], "rotation": 180, "texture": "#0"}
			}
		},
		{
			"from": [7.5, 14.7875, 7.5],
			"to": [8.5, 15.2875, 8.5],
			"rotation": {"angle": 0, "axis": "z", "origin": [8, 15.22875, 8]},
			"faces": {
				"north": {"uv": [11, 1, 11.5, 2], "rotation": 270, "texture": "#0"},
				"east": {"uv": [11, 1, 11.5, 2], "rotation": 90, "texture": "#0"},
				"south": {"uv": [11, 1, 11.5, 2], "rotation": 90, "texture": "#0"},
				"west": {"uv": [11, 1, 11.5, 2], "rotation": 90, "texture": "#0"},
				"up": {"uv": [11, 1, 12, 2], "rotation": 90, "texture": "#0"},
				"down": {"uv": [11, 1, 12, 2], "rotation": 90, "texture": "#0"}
			}
		},
		{
			"from": [8.5, 14.7825, 7.5],
			"to": [9, 16.0575, 8.5],
			"rotation": {"angle": 0, "axis": "z", "origin": [8, 15.22875, 8]},
			"faces": {
				"north": {"uv": [11, 1, 11.5, 2.275], "rotation": 180, "texture": "#0"},
				"east": {"uv": [11, 1, 12, 2.275], "rotation": 180, "texture": "#0"},
				"south": {"uv": [11, 1, 11.5, 2.275], "rotation": 180, "texture": "#0"},
				"west": {"uv": [11, 1, 12, 2.275], "rotation": 180, "texture": "#0"},
				"up": {"uv": [11, 1, 11.5, 2], "rotation": 180, "texture": "#0"},
				"down": {"uv": [11, 1, 11.5, 2], "rotation": 180, "texture": "#0"}
			}
		},
		{
			"from": [7.5, 13.2, 7],
			"to": [8.5, 15.75, 7.5],
			"rotation": {"angle": 0, "axis": "y", "origin": [8, 14.475, 8]},
			"faces": {
				"north": {"uv": [11, 1, 12, 3.55], "texture": "#0"},
				"east": {"uv": [11, 1, 11.5, 3.55], "texture": "#0"},
				"south": {"uv": [11, 1, 12, 3.55], "texture": "#0"},
				"west": {"uv": [11, 1, 11.5, 3.55], "texture": "#0"},
				"up": {"uv": [11, 1, 11.5, 2], "rotation": 270, "texture": "#0"},
				"down": {"uv": [11, 1, 11.5, 2], "rotation": 90, "texture": "#0"}
			}
		},
		{
			"from": [7.5, 15.25, 7.5],
			"to": [8.5, 15.75, 8.5],
			"rotation": {"angle": 0, "axis": "y", "origin": [8, 14.475, 8]},
			"faces": {
				"north": {"uv": [11, 1, 11.5, 2], "rotation": 270, "texture": "#0"},
				"east": {"uv": [11, 1, 11.5, 2], "rotation": 270, "texture": "#0"},
				"south": {"uv": [11, 1, 11.5, 2], "rotation": 270, "texture": "#0"},
				"west": {"uv": [11, 1, 11.5, 2], "rotation": 90, "texture": "#0"},
				"up": {"uv": [11, 1, 12, 2], "rotation": 180, "texture": "#0"},
				"down": {"uv": [11, 1, 12, 2], "texture": "#0"}
			}
		},
		{
			"from": [7.5, 13.2, 7.5],
			"to": [8.5, 13.7, 8.5],
			"rotation": {"angle": 0, "axis": "y", "origin": [8, 14.475, 8]},
			"faces": {
				"north": {"uv": [11, 1, 11.5, 2], "rotation": 270, "texture": "#0"},
				"east": {"uv": [11, 1, 11.5, 2], "rotation": 270, "texture": "#0"},
				"south": {"uv": [11, 1, 11.5, 2], "rotation": 270, "texture": "#0"},
				"west": {"uv": [11, 1, 11.5, 2], "rotation": 90, "texture": "#0"},
				"up": {"uv": [11, 1, 12, 2], "rotation": 180, "texture": "#0"},
				"down": {"uv": [11, 1, 12, 2], "texture": "#0"}
			}
		},
		{
			"from": [7.5, 13.2, 8.5],
			"to": [8.5, 15.75, 9],
			"rotation": {"angle": 0, "axis": "y", "origin": [8, 14.475, 8]},
			"faces": {
				"north": {"uv": [11, 1, 12, 3.55], "texture": "#0"},
				"east": {"uv": [11, 1, 11.5, 3.55], "texture": "#0"},
				"south": {"uv": [11, 1, 12, 3.55], "texture": "#0"},
				"west": {"uv": [11, 1, 11.5, 3.55], "texture": "#0"},
				"up": {"uv": [11, 1, 11.5, 2], "rotation": 270, "texture": "#0"},
				"down": {"uv": [11, 1, 11.5, 2], "rotation": 90, "texture": "#0"}
			}
		},
		{
			"from": [7, 11.6, 7.5],
			"to": [7.5, 14.15, 8.5],
			"rotation": {"angle": 0, "axis": "y", "origin": [8, 12.875, 8]},
			"faces": {
				"north": {"uv": [11, 1, 11.5, 3.55], "texture": "#0"},
				"east": {"uv": [11, 1, 12, 3.55], "texture": "#0"},
				"south": {"uv": [11, 1, 11.5, 3.55], "texture": "#0"},
				"west": {"uv": [11, 1, 12, 3.55], "texture": "#0"},
				"up": {"uv": [11, 1, 11.5, 2], "rotation": 180, "texture": "#0"},
				"down": {"uv": [11, 1, 11.5, 2], "rotation": 180, "texture": "#0"}
			}
		},
		{
			"from": [7.5, 13.65, 7.5],
			"to": [8.5, 14.15, 8.5],
			"rotation": {"angle": 0, "axis": "y", "origin": [8, 12.875, 8]},
			"faces": {
				"north": {"uv": [11, 1, 11.5, 2], "rotation": 270, "texture": "#0"},
				"east": {"uv": [11, 1, 11.5, 2], "rotation": 270, "texture": "#0"},
				"south": {"uv": [11, 1, 11.5, 2], "rotation": 90, "texture": "#0"},
				"west": {"uv": [11, 1, 11.5, 2], "rotation": 270, "texture": "#0"},
				"up": {"uv": [11, 1, 12, 2], "rotation": 90, "texture": "#0"},
				"down": {"uv": [11, 1, 12, 2], "rotation": 90, "texture": "#0"}
			}
		},
		{
			"from": [7.5, 11.6, 7.5],
			"to": [8.5, 12.1, 8.5],
			"rotation": {"angle": 0, "axis": "y", "origin": [8, 12.875, 8]},
			"faces": {
				"north": {"uv": [11, 1, 11.5, 2], "rotation": 270, "texture": "#0"},
				"east": {"uv": [11, 1, 11.5, 2], "rotation": 270, "texture": "#0"},
				"south": {"uv": [11, 1, 11.5, 2], "rotation": 90, "texture": "#0"},
				"west": {"uv": [11, 1, 11.5, 2], "rotation": 270, "texture": "#0"},
				"up": {"uv": [11, 1, 12, 2], "rotation": 90, "texture": "#0"},
				"down": {"uv": [11, 1, 12, 2], "rotation": 90, "texture": "#0"}
			}
		},
		{
			"from": [8.5, 11.6, 7.5],
			"to": [9, 14.15, 8.5],
			"rotation": {"angle": 0, "axis": "y", "origin": [8, 12.875, 8]},
			"faces": {
				"north": {"uv": [11, 1, 11.5, 3.55], "texture": "#0"},
				"east": {"uv": [11, 1, 12, 3.55], "texture": "#0"},
				"south": {"uv": [11, 1, 11.5, 3.55], "texture": "#0"},
				"west": {"uv": [11, 1, 12, 3.55], "texture": "#0"},
				"up": {"uv": [11, 1, 11.5, 2], "rotation": 180, "texture": "#0"},
				"down": {"uv": [11, 1, 11.5, 2], "rotation": 180, "texture": "#0"}
			}
		},
		{
			"from": [7.5, 10, 8.5],
			"to": [8.5, 12.55, 9],
			"rotation": {"angle": 0, "axis": "y", "origin": [8, 11.275, 8]},
			"faces": {
				"north": {"uv": [11, 1, 12, 3.55], "texture": "#0"},
				"east": {"uv": [11, 1, 11.5, 3.55], "texture": "#0"},
				"south": {"uv": [11, 1, 12, 3.55], "texture": "#0"},
				"west": {"uv": [11, 1, 11.5, 3.55], "texture": "#0"},
				"up": {"uv": [11, 1, 11.5, 2], "rotation": 90, "texture": "#0"},
				"down": {"uv": [11, 1, 11.5, 2], "rotation": 270, "texture": "#0"}
			}
		},
		{
			"from": [7.5, 12.05, 7.5],
			"to": [8.5, 12.55, 8.5],
			"rotation": {"angle": 0, "axis": "y", "origin": [8, 11.275, 8]},
			"faces": {
				"north": {"uv": [11, 1, 11.5, 2], "rotation": 270, "texture": "#0"},
				"east": {"uv": [11, 1, 11.5, 2], "rotation": 90, "texture": "#0"},
				"south": {"uv": [11, 1, 11.5, 2], "rotation": 270, "texture": "#0"},
				"west": {"uv": [11, 1, 11.5, 2], "rotation": 270, "texture": "#0"},
				"up": {"uv": [11, 1, 12, 2], "texture": "#0"},
				"down": {"uv": [11, 1, 12, 2], "rotation": 180, "texture": "#0"}
			}
		},
		{
			"from": [7.5, 10, 7.5],
			"to": [8.5, 10.5, 8.5],
			"rotation": {"angle": 0, "axis": "y", "origin": [8, 11.275, 8]},
			"faces": {
				"north": {"uv": [11, 1, 11.5, 2], "rotation": 270, "texture": "#0"},
				"east": {"uv": [11, 1, 11.5, 2], "rotation": 90, "texture": "#0"},
				"south": {"uv": [11, 1, 11.5, 2], "rotation": 270, "texture": "#0"},
				"west": {"uv": [11, 1, 11.5, 2], "rotation": 270, "texture": "#0"},
				"up": {"uv": [11, 1, 12, 2], "texture": "#0"},
				"down": {"uv": [11, 1, 12, 2], "rotation": 180, "texture": "#0"}
			}
		},
		{
			"from": [7.5, 10, 7],
			"to": [8.5, 12.55, 7.5],
			"rotation": {"angle": 0, "axis": "y", "origin": [8, 11.275, 8]},
			"faces": {
				"north": {"uv": [11, 1, 12, 3.55], "texture": "#0"},
				"east": {"uv": [11, 1, 11.5, 3.55], "texture": "#0"},
				"south": {"uv": [11, 1, 12, 3.55], "texture": "#0"},
				"west": {"uv": [11, 1, 11.5, 3.55], "texture": "#0"},
				"up": {"uv": [11, 1, 11.5, 2], "rotation": 90, "texture": "#0"},
				"down": {"uv": [11, 1, 11.5, 2], "rotation": 270, "texture": "#0"}
			}
		},
		{
			"from": [8.5, 8.4, 7.5],
			"to": [9, 10.95, 8.5],
			"rotation": {"angle": 0, "axis": "y", "origin": [8, 9.675, 8]},
			"faces": {
				"north": {"uv": [11, 1, 11.5, 3.55], "texture": "#0"},
				"east": {"uv": [11, 1, 12, 3.55], "texture": "#0"},
				"south": {"uv": [11, 1, 11.5, 3.55], "texture": "#0"},
				"west": {"uv": [11, 1, 12, 3.55], "texture": "#0"},
				"up": {"uv": [11, 1, 11.5, 2], "texture": "#0"},
				"down": {"uv": [11, 1, 11.5, 2], "texture": "#0"}
			}
		},
		{
			"from": [7.5, 10.45, 7.5],
			"to": [8.5, 10.95, 8.5],
			"rotation": {"angle": 0, "axis": "y", "origin": [8, 9.675, 8]},
			"faces": {
				"north": {"uv": [11, 1, 11.5, 2], "rotation": 90, "texture": "#0"},
				"east": {"uv": [11, 1, 11.5, 2], "rotation": 270, "texture": "#0"},
				"south": {"uv": [11, 1, 11.5, 2], "rotation": 270, "texture": "#0"},
				"west": {"uv": [11, 1, 11.5, 2], "rotation": 270, "texture": "#0"},
				"up": {"uv": [11, 1, 12, 2], "rotation": 270, "texture": "#0"},
				"down": {"uv": [11, 1, 12, 2], "rotation": 270, "texture": "#0"}
			}
		},
		{
			"from": [7.5, 8.4, 7.5],
			"to": [8.5, 8.9, 8.5],
			"rotation": {"angle": 0, "axis": "y", "origin": [8, 9.675, 8]},
			"faces": {
				"north": {"uv": [11, 1, 11.5, 2], "rotation": 90, "texture": "#0"},
				"east": {"uv": [11, 1, 11.5, 2], "rotation": 270, "texture": "#0"},
				"south": {"uv": [11, 1, 11.5, 2], "rotation": 270, "texture": "#0"},
				"west": {"uv": [11, 1, 11.5, 2], "rotation": 270, "texture": "#0"},
				"up": {"uv": [11, 1, 12, 2], "rotation": 270, "texture": "#0"},
				"down": {"uv": [11, 1, 12, 2], "rotation": 270, "texture": "#0"}
			}
		},
		{
			"from": [7, 8.4, 7.5],
			"to": [7.5, 10.95, 8.5],
			"rotation": {"angle": 0, "axis": "y", "origin": [8, 9.675, 8]},
			"faces": {
				"north": {"uv": [11, 1, 11.5, 3.55], "texture": "#0"},
				"east": {"uv": [11, 1, 12, 3.55], "texture": "#0"},
				"south": {"uv": [11, 1, 11.5, 3.55], "texture": "#0"},
				"west": {"uv": [11, 1, 12, 3.55], "texture": "#0"},
				"up": {"uv": [11, 1, 11.5, 2], "texture": "#0"},
				"down": {"uv": [11, 1, 11.5, 2], "texture": "#0"}
			}
		},
		{
			"from": [5, 0.4, 5],
			"to": [11, 1.4, 11],
			"rotation": {"angle": 0, "axis": "y", "origin": [7, 0.4, 7]},
			"faces": {
				"north": {"uv": [0, 8, 6, 9], "texture": "#0"},
				"east": {"uv": [0, 8, 6, 9], "texture": "#0"},
				"south": {"uv": [0, 8, 6, 9], "texture": "#0"},
				"west": {"uv": [0, 8, 6, 9], "texture": "#0"},
				"up": {"uv": [0, 9, 6, 15], "texture": "#0"},
				"down": {"uv": [0, 9, 6, 15], "texture": "#0"}
			}
		},
		{
			"from": [5, 6.4, 5],
			"to": [11, 7.4, 11],
			"rotation": {"angle": 0, "axis": "y", "origin": [4, 5.4, 5]},
			"faces": {
				"north": {"uv": [0, 2, 6, 3], "texture": "#0"},
				"east": {"uv": [0, 2, 6, 3], "texture": "#0"},
				"south": {"uv": [0, 2, 6, 3], "texture": "#0"},
				"west": {"uv": [0, 2, 6, 3], "texture": "#0"},
				"up": {"uv": [0, 9, 6, 15], "texture": "#0"},
				"down": {"uv": [0, 9, 6, 15], "texture": "#0"}
			}
		},
		{
			"from": [6, 8.4, 6],
			"to": [10, 9.4, 10],
			"rotation": {"angle": 0, "axis": "y", "origin": [6, 7.4, 7]},
			"faces": {
				"north": {"uv": [1, 0, 5, 1], "texture": "#0"},
				"east": {"uv": [1, 0, 5, 1], "texture": "#0"},
				"south": {"uv": [1, 0, 5, 1], "texture": "#0"},
				"west": {"uv": [1, 0, 5, 1], "texture": "#0"},
				"up": {"uv": [1, 10, 5, 14], "texture": "#0"},
				"down": {"uv": [1, 10, 5, 14], "texture": "#0"}
			}
		},
		{
			"from": [5, 1.4, 5],
			"to": [11, 6.4, 11],
			"rotation": {"angle": 0, "axis": "y", "origin": [0, 0.4, 0]},
			"faces": {
				"north": {"uv": [0, 3, 6, 8], "texture": "#0"},
				"east": {"uv": [0, 3, 6, 8], "texture": "#0"},
				"south": {"uv": [0, 3, 6, 8], "texture": "#0"},
				"west": {"uv": [0, 3, 6, 8], "texture": "#0"},
				"up": {"uv": [0, 10, 6, 16], "texture": "#0"},
				"down": {"uv": [0, 9, 6, 15], "texture": "#0"}
			}
		},
		{
			"from": [6, 7.4, 6],
			"to": [10, 8.4, 10],
			"rotation": {"angle": 0, "axis": "y", "origin": [6, 6.4, 7]},
			"faces": {
				"north": {"uv": [1, 1, 5, 2], "texture": "#0"},
				"east": {"uv": [1, 1, 5, 2], "texture": "#0"},
				"south": {"uv": [1, 1, 5, 2], "texture": "#0"},
				"west": {"uv": [1, 1, 5, 2], "texture": "#0"},
				"up": {"uv": [1, 10, 5, 14], "texture": "#0"},
				"down": {"uv": [1, 10, 5, 14], "texture": "#0"}
			}
		}
	],
	"display": {},
	"groups": [
		{
			"name": "chain",
			"origin": [7, 14, 7],
			"color": 0,
			"children": [
				{
					"name": "loop1",
					"origin": [8, 15.22875, 8],
					"color": 0,
					"children": [0, 1, 2]
				},
				{
					"name": "loop2",
					"origin": [5.5, 0, 7],
					"color": 0,
					"children": [3, 4, 5, 6]
				},
				{
					"name": "loop3",
					"origin": [8, 14.475, 8],
					"color": 0,
					"children": [7, 8, 9, 10]
				},
				{
					"name": "loop4",
					"origin": [8, 14.475, 8],
					"color": 0,
					"children": [11, 12, 13, 14]
				},
				{
					"name": "loop5",
					"origin": [8, 14.475, 8],
					"color": 0,
					"children": [15, 16, 17, 18]
				}
			]
		},
		{
			"name": "base",
			"origin": [8, 8, 8],
			"color": 0,
			"children": [
				{
					"name": "lantern",
					"origin": [7, 0, 7],
					"color": 0,
					"children": [19, 20, 21]
				},
				{
					"name": "light",
					"origin": [0, 0, 0],
					"color": 0,
					"children": [22, 23]
				}
			]
		}
	]
}